<?xml version="1.0" encoding="UTF-8"?>
<project-private xmlns="http://www.netbeans.org/ns/project-private/1">
    <editor-bookmarks xmlns="http://www.netbeans.org/ns/editor-bookmarks/2" lastBookmarkId="0"/>
    <open-files xmlns="http://www.netbeans.org/ns/projectui-open-files/2">
        <group>
            <file>file:/C:/Users/Jonty/Documents/NetBeansProjects/Buss_Pass_Software/src/Client/Client_Main_Page.java</file>
            <file>file:/C:/Users/Jonty/Documents/NetBeansProjects/Buss_Pass_Software/src/Client/My_Bus_Pass.java</file>
            <file>file:/C:/Users/Jonty/Documents/NetBeansProjects/Buss_Pass_Software/src/Client/Client_Login_Page.java</file>
        </group>
    </open-files>
</project-private>
